iter	MAPE	RMSE
0	0.2262386158	2385.288481
1	0.2047452199	2224.154825
2	0.227342956	2385.553033
3	0.2074558319	2226.875375
4	0.2269175874	2388.65886
5	0.2088583909	2230.687876
6	0.2264750533	2394.177228
7	0.2093528322	2233.058662
8	0.227988426	2399.421924
9	0.2100628777	2238.227861
10	0.1930710203	2092.89419
